{
  "main": {
    "id": "77b0f222579ae61c",
    "type": "split",
    "children": [
      {
        "id": "ae92d6e4bd520e0d",
        "type": "tabs",
        "children": [
          {
            "id": "5bbcb48074e78850",
            "type": "leaf",
            "state": {
              "type": "mk-space",
              "state": {
                "path": "03_Análisis-Diseño/Entidades"
              },
              "icon": "lucide-file",
              "title": "Entidades"
            }
          }
        ]
      }
    ],
    "direction": "vertical"
  },
  "left": {
    "id": "f77046a765af9bb9",
    "type": "split",
    "children": [
      {
        "id": "35050f4ae7ab1bc9",
        "type": "tabs",
        "children": [
          {
            "id": "ed8fa8718699c878",
            "type": "leaf",
            "state": {
              "type": "file-explorer",
              "state": {
                "sortOrder": "alphabetical",
                "autoReveal": false
              },
              "icon": "lucide-folder-closed",
              "title": "Explorador de archivos"
            }
          },
          {
            "id": "f2d98e53f5c952db",
            "type": "leaf",
            "state": {
              "type": "search",
              "state": {
                "query": "",
                "matchingCase": false,
                "explainSearch": false,
                "collapseAll": false,
                "extraContext": false,
                "sortOrder": "alphabetical"
              },
              "icon": "lucide-search",
              "title": "Buscar"
            }
          },
          {
            "id": "60662946a3150a43",
            "type": "leaf",
            "state": {
              "type": "bookmarks",
              "state": {},
              "icon": "lucide-bookmark",
              "title": "Marcadores"
            }
          },
          {
            "id": "921076115605d55b",
            "type": "leaf",
            "state": {
              "type": "mk-path-view",
              "state": {},
              "icon": "layout-grid",
              "title": "Navigator"
            }
          }
        ],
        "currentTab": 3
      }
    ],
    "direction": "horizontal",
    "width": 300
  },
  "right": {
    "id": "f67a82ae4bbda5e9",
    "type": "split",
    "children": [
      {
        "id": "881f9d49a7750c2d",
        "type": "tabs",
        "children": [
          {
            "id": "9a8cbba35b519eb4",
            "type": "leaf",
            "state": {
              "type": "backlink",
              "state": {
                "collapseAll": false,
                "extraContext": false,
                "sortOrder": "alphabetical",
                "showSearch": false,
                "searchQuery": "",
                "backlinkCollapsed": false,
                "unlinkedCollapsed": true
              },
              "icon": "links-coming-in",
              "title": "Enlaces entrantes"
            }
          },
          {
            "id": "dcb9fe1c26260de6",
            "type": "leaf",
            "state": {
              "type": "outgoing-link",
              "state": {
                "linksCollapsed": false,
                "unlinkedCollapsed": true
              },
              "icon": "links-going-out",
              "title": "Enlaces salientes"
            }
          },
          {
            "id": "f9a5fa69b8ad051f",
            "type": "leaf",
            "state": {
              "type": "tag",
              "state": {
                "sortOrder": "frequency",
                "useHierarchy": true,
                "showSearch": false,
                "searchQuery": ""
              },
              "icon": "lucide-tags",
              "title": "Etiquetas"
            }
          },
          {
            "id": "6dcd3f567d5cf860",
            "type": "leaf",
            "state": {
              "type": "outline",
              "state": {
                "followCursor": false,
                "showSearch": false,
                "searchQuery": ""
              },
              "icon": "lucide-list",
              "title": "Esquema"
            }
          }
        ]
      }
    ],
    "direction": "horizontal",
    "width": 300,
    "collapsed": true
  },
  "left-ribbon": {
    "hiddenItems": {
      "switcher:Abrir selector rápido": false,
      "graph:Abrir vista gráfica": false,
      "canvas:Crear nuevo lienzo": false,
      "daily-notes:Abrir la nota de hoy": false,
      "templates:Insertar plantilla": false,
      "command-palette:Abrir paleta de comandos": false,
      "obsidian-kanban:Create new board": false,
      "obsidian-advanced-slides:Show Slide Preview": false
    }
  },
  "active": "dd4fe55188a959d1",
  "lastOpenFiles": [
    "03_Análisis-Diseño/Entidades/UserCondition.md",
    "04_Desarrollo/04_Desarrollo.md",
    "TFG_EYRA_Notas_Globales.md",
    "APIs y Servicios.md",
    "Documentación TFG.md",
    "02_Estudio-Preliminar/Diferenciacion_EYRA.md",
    "03_Flujo_Web_EYRA.md",
    "Documentación TFG.pdf",
    "01_Introducción/Contexto.md",
    "Tags",
    "03_Diagrama_Flujo_Tecnico_EYRA.mmd",
    "Sin confirmar 418053.crdownload",
    "02_Estudio-Preliminar/Tecnologias_Relacionadas.md",
    "Sin confirmar 210581.crdownload",
    "02_Estudio-Preliminar/Sin confirmar 810793.crdownload",
    "02_Estudio-Preliminar/Análisis_de_Aplicaciones_Similares.md",
    "02_Estudio-Preliminar/Sin confirmar 675182.crdownload",
    "02_Estudio-Preliminar/Sin confirmar 649042.crdownload",
    "02_Estudio-Preliminar/Sin confirmar 108268.crdownload",
    "02_Estudio-Preliminar/Sin confirmar 563557.crdownload",
    "02_Contexto/Análisis_de_Aplicaciones_Similares.md",
    "02_Contexto/Tecnologías_Relacionadas.md",
    "03_Análisis_y_Diseño/Estructura_Backend.md",
    "01_Introducción/Metodología.md",
    "01_Introducción/MVP.md",
    "01_Introducción/Alcance.md",
    "01_Introducción/Objetivos.md",
    "00_Indice/Resumen.md",
    "03_Análisis-Diseño/Entidades/MenstrualCycle.md",
    "03_Análisis-Diseño/Estructura_Backend.md",
    "03_Análisis-Diseño/Seguridad.md",
    "03_Análisis-Diseño/Migraciones.md",
    "03_Análisis-Diseño/Entidades/MenopauseLog.md",
    "03_Análisis-Diseño/Entidades/Condition.md",
    "03_Análisis-Diseño/Entidades/Alert.md",
    "Sin título 1.canvas",
    "Sin título.canvas"
  ]
}